[
    {
        "mrn": 210488780,
        "firstName": "Philip",
        "lastName": "Jones",
        "sex": "male",
        "age": 22,
        "streetAddress1": "102 Main Street",
        "streetAddress2": "Apt #31",
        "city": "Paramus",
        "state": "NJ",
        "zip": "07322",
        "homePhone": "201221223",
        "workPhone": "2013335666",
        "mobilePhone": "2018850033",
        "emergencyContactName": "Cindy Jones",
        "emergencyContactPhone": "2012212233",
        "emergencyContactRelation": "spouse",
        "employerName": "State of NJ",
        "insurers": [
            {
                "providerId": 11,
                "companyName": "Blue Cross",
                "policyNumber": "8890717",
                "groupId": "8912",
                "patientId": "1223-DA-12",
                "type": "primary"
            },
            {
                "providerId": 66,
                "companyName": "Prudential",
                "policyNumber": "321411-B",
                "groupId": "29",
                "patientId": "90823",
                "type": "supplemental"
            }
        ],
        "visits": [
            {
                "cptCode": "99241",
                "date": "Jan 7, 1997",
                "participant": "General Acute Care Hospital",
                "performer": "General Physician",
                "observation": "Bronchitis"
            },
            {
                "cptCode": "88771",
                "date": "Mar 15, 1997",
                "participant": "Good Health Clinic",
                "performer": "General Physician",
                "observation": "Checkup Examination"
            }
        ],
        "problems": [
            {
                "date": "Jan 1997",
                "problem": "Asthma",
                "status": "Active"
            },
            {
                "date": "Mar 1996",
                "problem": "Pneumonia",
                "status": "Resolved"
            },
            {
                "date": "Oct 1996",
                "problem": "Myocardial Infarction",
                "status": "Resolved"
            }
        ],
        "allergies": [
            {
                "allergyType": "Drug Allergy",
                "allergySource": "Penicillin",
                "allergyReaction": "Hives",
                "allergyStatus": "Active"
            },
            {
                "allergyType": "Drug Intolerance",
                "allergySource": "Aspirin",
                "allergyReaction": "Wheezing",
                "allergyStatus": "Active"
            },
            {
                "allergyType": "Drug Intolerance",
                "allergySource": "Codeine",
                "allergyReaction": "Nausea",
                "allergyStatus": "Active"
            }
        ],
        "medications": [
            {
                "rxId": "20051215130100",
                "Medication": "Albuterol inhalant",
                "Dose": "2 puffs",
                "Form": "inhaler",
                "SigText": "2 puffs QID PRN (as needed for wheezing)",
                "Dates": "July 2005",
                "Status": "Active"
            },
            {
                "rxId": "20071215130200",
                "Medication": "clopidogrel",
                "Dose": "75 mg",
                "Form": "tablet",
                "SigText": "75mg PO daily",
                "Dates": "Nov 2007",
                "Status": "Active"
            },
            {
                "rxId": "20071215130300",
                "Medication": "Metoprolol",
                "Dose": "25 mg",
                "Form": "tablet",
                "SigText": "25mg PO BID",
                "Dates": "Nov 2007",
                "Status": "Active"
            }
        ],
        "diagnosticResults": [
            {
                "resultsId": "res-6B348E75-BA4A-4264-A207-459036BE99D2",
                "test": "HEMOGLOBIN",
                "result": "is 11.2",
                "effectiveTime": "20091216052200"
            },
            {
                "resultsId": "D28FAEF0-7FF8-4ECB-9D3B-EA6A8E8AFAAB",
                "test": "ANTIBODY SCREEN",
                "result": "is NEGATIVE",
                "effectiveTime": "20091215100100"
            },
            {
                "resultsId": "res-D28FAEF0-7FF8-4ECB-9D3B-EA6A8E8AFAAX",
                "test": "CT SCAN",
                "result": "Significant sinus disease",
                "effectiveTime": "20091215100100"
            }
        ],
        "procedures": [
            {
                "procudureId": "proc-8FCFD21D-A39D-4251-8B6B-C1256F7973F1",
                "procedure": "TOTAL KNEE REPLACEMENT",
                "effectiveTime": "20091215000000",
                "status": "Completed"
            },
            {
                "procudureId": "proc-5D5B26C7-28D3-4917-B1D1-972468224F91",
                "procedure": "OTHER COMPUTER ASSISTED SURGERY",
                "effectiveTime": "20070823000000",
                "status": "Completed"
            }
        ]
    },
    {
        "mrn": 574458003,
        "firstName": "Mary",
        "lastName": "Smith",
        "age": 48,
        "streetAddress1": "1312 Notch Rd",
        "streetAddress2": "",
        "city": "Clifton",
        "state": "NJ",
        "zip": "07013",
        "homePhone": "9731234567",
        "workPhone": "8622141415",
        "mobilePhone": "8622141415",
        "emergencyContactName": "Robert Smith",
        "emergencyContactPhone": "8622141416",
        "emergencyContactRelation": "spouse",
        "employerName": "Michaels Arts and Crafts",
        "insurers": [
            {
                "providerId": 12,
                "companyName": "Good Health Insurance",
                "policyNumber": "8832712",
                "groupId": "1212",
                "patientId": "1212-DA-01",
                "type": "primary"
            },
            {
                "providerId": 66,
                "companyName": "Prudential",
                "policyNumber": "312311-B",
                "groupId": "04",
                "patientId": "930102",
                "type": "supplemental"
            }
        ],
        "visits": [
            {
                "cptCode": "99241",
                "date": "Jan 7, 1997",
                "participant": "General Acute Care Hospital",
                "performer": "General Physician",
                "observation": "Bronchitis"
            },
            {
                "cptCode": "88771",
                "date": "Mar 15, 1997",
                "participant": "Good Health Clinic",
                "performer": "General Physician",
                "observation": "Checkup Examination"
            }
        ],
        "problems": [
            {
                "date": "Jan 1997",
                "problem": "Asthma",
                "status": "Active"
            },
            {
                "date": "Mar 1996",
                "problem": "Pneumonia",
                "status": "Resolved"
            },
            {
                "date": "Oct 1996",
                "problem": "Myocardial Infarction",
                "status": "Resolved"
            }
        ],
        "allergies": [
            {
                "allergyType": "Drug Allergy",
                "allergySource": "Penicillin",
                "allergyReaction": "Hives",
                "allergyStatus": "Active"
            },
            {
                "allergyType": "Drug Intolerance",
                "allergySource": "Aspirin",
                "allergyReaction": "Wheezing",
                "allergyStatus": "Active"
            },
            {
                "allergyType": "Drug Intolerance",
                "allergySource": "Codeine",
                "allergyReaction": "Nausea",
                "allergyStatus": "Active"
            }
        ],
        "medications": [
            {
                "rxId": "20051215130100",
                "Medication": "Albuterol inhalant",
                "Dose": "2 puffs",
                "Form": "inhaler",
                "SigText": "2 puffs QID PRN (as needed for wheezing)",
                "Dates": "July 2005",
                "Status": "Active"
            },
            {
                "rxId": "20071215130200",
                "Medication": "clopidogrel",
                "Dose": "75 mg",
                "Form": "tablet",
                "SigText": "75mg PO daily",
                "Dates": "Nov 2007",
                "Status": "Active"
            },
            {
                "rxId": "20071215130300",
                "Medication": "Metoprolol",
                "Dose": "25 mg",
                "Form": "tablet",
                "SigText": "25mg PO BID",
                "Dates": "Nov 2007",
                "Status": "Active"
            }
        ],
        "diagnosticResults": [
            {
                "resultsId": "res-DACBE423-5951-4C1C-A630-9E44C319D036",
                "test": "HEMOGLOBIN",
                "result": "is 11.2",
                "effectiveTime": "20091216052200"
            },
            {
                "resultsId": "res-D28FAEF0-7FF8-4ECB-9D3B-EA6A8E8AFAAB",
                "test": "ANTIBODY SCREEN",
                "result": "is NEGATIVE",
                "effectiveTime": "20091215100100"
            },
            {
                "resultsId": "res-D28FAEF0-7FF8-4ECB-9D3B-EA6A8E8AFAAX",
                "test": "CT SCAN",
                "result": "Significant sinus disease",
                "effectiveTime": "20091215100100"
            }
        ],
        "procedures": [
            {
                "procudureId": "proc-68299101-15E0-40B4-AC78-6C7128E803A3",
                "procedure": "TOTAL KNEE REPLACEMENT",
                "effectiveTime": "20091215000000",
                "status": "Completed"
            },
            {
                "procudureId": "proc-32A4C264-CCB4-4395-AD34-12A42197D0B0",
                "procedure": "OTHER COMPUTER ASSISTED SURGERY",
                "effectiveTime": "20070823000000",
                "status": "Completed"
            }
        ]
    },
    {
        "mrn": 309854081,
        "firstName": "Bob",
        "lastName": "Green",
        "age": 73,
        "streetAddress1": "1200 E. Elmer St",
        "streetAddress2": "",
        "city": "Vineland",
        "state": "NJ",
        "zip": "08360",
        "homePhone": "9731234567",
        "workPhone": "8622141415",
        "mobilePhone": "8622141415",
        "emergencyContactName": "Roberta Green",
        "emergencyContactPhone": "8622141416",
        "emergencyContactRelation": "spouse",
        "employerName": "Gerresheimer Glass",
        "insurers": [
            {
                "providerId": 12,
                "companyName": "Good Health Insurance",
                "policyNumber": "112712",
                "groupId": "1332",
                "patientId": "1322-DA-01",
                "type": "primary"
            },
            {
                "providerId": 66,
                "companyName": "Prudential",
                "policyNumber": "312134-B",
                "groupId": "82",
                "patientId": "984102",
                "type": "supplemental"
            }
        ],
        "visits": [
            {
                "cptCode": "99241",
                "date": "Jan 7, 1997",
                "participant": "General Acute Care Hospital",
                "performer": "General Physician",
                "observation": "Bronchitis"
            },
            {
                "cptCode": "88771",
                "date": "Mar 15, 1997",
                "participant": "Good Health Clinic",
                "performer": "General Physician",
                "observation": "Checkup Examination"
            }
        ],
        "problems": [
            {
                "date": "Jan 1997",
                "problem": "Asthma",
                "status": "Active"
            },
            {
                "date": "Mar 1996",
                "problem": "Pneumonia",
                "status": "Resolved"
            },
            {
                "date": "Oct 1996",
                "problem": "Myocardial Infarction",
                "status": "Resolved"
            }
        ],
        "allergies": [
            {
                "allergyType": "Drug Allergy",
                "allergySource": "Penicillin",
                "allergyReaction": "Hives",
                "allergyStatus": "Active"
            },
            {
                "allergyType": "Drug Intolerance",
                "allergySource": "Aspirin",
                "allergyReaction": "Wheezing",
                "allergyStatus": "Active"
            },
            {
                "allergyType": "Drug Intolerance",
                "allergySource": "Codeine",
                "allergyReaction": "Nausea",
                "allergyStatus": "Active"
            }
        ],
        "medications": [
            {
                "rxId": "20051215130100",
                "Medication": "Albuterol inhalant",
                "Dose": "2 puffs",
                "Form": "inhaler",
                "SigText": "2 puffs QID PRN (as needed for wheezing)",
                "Dates": "July 2005",
                "Status": "Active"
            },
            {
                "rxId": "20071215130200",
                "Medication": "clopidogrel",
                "Dose": "75 mg",
                "Form": "tablet",
                "SigText": "75mg PO daily",
                "Dates": "Nov 2007",
                "Status": "Active"
            },
            {
                "rxId": "20071215130300",
                "Medication": "Metoprolol",
                "Dose": "25 mg",
                "Form": "tablet",
                "SigText": "25mg PO BID",
                "Dates": "Nov 2007",
                "Status": "Active"
            }
        ],
        "diagnosticResults": [
            {
                "resultsId": "res-8653244B-991A-4B57-A709-EA4786B41BE0",
                "test": "HEMOGLOBIN",
                "result": "is 11.2",
                "effectiveTime": "20091216052200"
            },
            {
                "resultsId": "res-0F4EDBC2-5B27-4EF8-BD18-8E6231347F38",
                "test": "ANTIBODY SCREEN",
                "result": "is NEGATIVE",
                "effectiveTime": "20091215100100"
            },
            {
                "resultsId": "res-F7555AFB-2BD0-44ED-B69F-0BF04CA0E0BD",
                "test": "CT SCAN",
                "result": "Significant sinus disease",
                "effectiveTime": "20091215100100"
            }
        ],
        "procedures": [
            {
                "procudureId": "proc-25F22958-E1E7-4999-8C18-FF25E9B14C26",
                "procedure": "TOTAL KNEE REPLACEMENT",
                "effectiveTime": "20091215000000",
                "status": "Completed"
            },
            {
                "procudureId": "proc-4E942DE2-C3C7-4A69-80D0-4C63246A044D",
                "procedure": "OTHER COMPUTER ASSISTED SURGERY",
                "effectiveTime": "20070823000000",
                "status": "Completed"
            }
        ]
    },
    {
        "mrn": 309845096,
        "firstName": "Nancy",
        "lastName": "Brown",
        "age": 31,
        "streetAddress1": "911 Pine Dr",
        "streetAddress2": "",
        "city": "Brick",
        "state": "NJ",
        "zip": "08723",
        "homePhone": "9731234567",
        "workPhone": "8622141415",
        "mobilePhone": "8622141415",
        "emergencyContactName": "Edwin Brown",
        "emergencyContactPhone": "8622141416",
        "emergencyContactRelation": "spouse",
        "employerName": "Brick Township Board of Education",
        "insurers": [
            {
                "providerId": 12,
                "companyName": "Good Health Insurance",
                "policyNumber": "4432713",
                "groupId": "1232",
                "patientId": "1212-DA-12",
                "type": "primary"
            },
            {
                "providerId": 66,
                "companyName": "Prudential",
                "policyNumber": "312331-B",
                "groupId": "05",
                "patientId": "012302",
                "type": "supplemental"
            }
        ],
        "visits": [
            {
                "cptCode": "99241",
                "date": "Jan 7, 1997",
                "participant": "General Acute Care Hospital",
                "performer": "General Physician",
                "observation": "Bronchitis"
            },
            {
                "cptCode": "88771",
                "date": "Mar 15, 1997",
                "participant": "Good Health Clinic",
                "performer": "General Physician",
                "observation": "Checkup Examination"
            }
        ],
        "problems": [
            {
                "date": "Jan 1997",
                "problem": "Asthma",
                "status": "Active"
            },
            {
                "date": "Mar 1996",
                "problem": "Pneumonia",
                "status": "Resolved"
            },
            {
                "date": "Oct 1996",
                "problem": "Myocardial Infarction",
                "status": "Resolved"
            }
        ],
        "allergies": [
            {
                "allergyType": "Drug Allergy",
                "allergySource": "Penicillin",
                "allergyReaction": "Hives",
                "allergyStatus": "Active"
            },
            {
                "allergyType": "Drug Intolerance",
                "allergySource": "Aspirin",
                "allergyReaction": "Wheezing",
                "allergyStatus": "Active"
            },
            {
                "allergyType": "Drug Intolerance",
                "allergySource": "Codeine",
                "allergyReaction": "Nausea",
                "allergyStatus": "Active"
            }
        ],
        "medications": [
            {
                "rxId": "20051215130100",
                "Medication": "Albuterol inhalant",
                "Dose": "2 puffs",
                "Form": "inhaler",
                "SigText": "2 puffs QID PRN (as needed for wheezing)",
                "Dates": "July 2005",
                "Status": "Active"
            },
            {
                "rxId": "20071215130200",
                "Medication": "clopidogrel",
                "Dose": "75 mg",
                "Form": "tablet",
                "SigText": "75mg PO daily",
                "Dates": "Nov 2007",
                "Status": "Active"
            },
            {
                "rxId": "20071215130300",
                "Medication": "Metoprolol",
                "Dose": "25 mg",
                "Form": "tablet",
                "SigText": "25mg PO BID",
                "Dates": "Nov 2007",
                "Status": "Active"
            }
        ],
        "diagnosticResults": [
            {
                "resultsId": "res-D766C664-1B70-416A-A5DF-B93D041CCEA0",
                "test": "HEMOGLOBIN",
                "result": "is 11.2",
                "effectiveTime": "20091216052200"
            },
            {
                "resultsId": "res-01154E58-F924-470E-9480-17ED8A23A4FF",
                "test": "ANTIBODY SCREEN",
                "result": "is NEGATIVE",
                "effectiveTime": "20091215100100"
            },
            {
                "resultsId": "res-FD72178E-C33C-40B3-A4C3-7D88502BED10",
                "test": "CT SCAN",
                "result": "Significant sinus disease",
                "effectiveTime": "20091215100100"
            }
        ],
        "procedures": [
            {
                "procudureId": "proc-F1BB5360-289A-4030-A7AD-6182AB681026",
                "procedure": "TOTAL KNEE REPLACEMENT",
                "effectiveTime": "20091215000000",
                "status": "Completed"
            },
            {
                "procudureId": "proc-72F9144E-342B-4E17-94D1-C7E31BF50E63",
                "procedure": "OTHER COMPUTER ASSISTED SURGERY",
                "effectiveTime": "20070823000000",
                "status": "Completed"
            }
        ]
    }
]