{"title":"Standard Patient Examples","id":"urn:uuid:b248b1b2-1686-4b94-9936-37d7a5f94b51","links":[{"rel":"self","href":"http://www.hl7.org/fhir/patient-examples.xml"}],"updated":"2012-05-29T23:45:32Z","entries":[{"title":"patient, female","id":"http://hl7.org/fhir/patient/@1","links":[{"rel":"self","href":"http://hl7.org/fhir/patient/@1/history/@1"}],"updated":"2012-05-29T23:45:32Z","authors":[{"name":"Grahame Grieve / HL7 publishing committee"}],"content":{"Patient":{"text":{"status":{"value":"generated"},"div":"<div>Everywoman, Eve. SSN:\n            444222222<\/div>"},"identifier":[{"label":{"value":"SSN"},"system":{"value":"http://hl7.org/fhir/sid/us-ssn"},"key":{"value":"444222222"}}],"name":[{"use":{"value":"official"},"family":[{"value":"Everywoman"}],"given":[{"value":"Eve"}]}],"telecom":[{"system":{"value":"phone"},"value":{"value":"555-555-2003"},"use":{"value":"work"}}],"gender":{"coding":[{"system":{"value":"http://hl7.org/fhir/v3/AdministrativeGender"},"code":{"value":"F"}}]},"birthDate":{"value":"1973-05-31"},"address":[{"use":{"value":"home"},"line":[{"value":"2222 Home Street"}]}],"provider":{"type":{"value":"Organization"},"reference":{"value":"organization/@hl7"}},"active":{"value":true}}},"summary":"<div>Everywoman, Eve. SSN:\n        444222222<\/div>"},{"title":"patient, male","id":"http://hl7.org/fhir/patient/@2","links":[{"rel":"self","href":"http://hl7.org/fhir/patient/@2/history/@1"}],"updated":"2012-05-29T23:45:32Z","authors":[{"name":"Grahame Grieve"}],"content":{"Patient":{"text":{"status":{"value":"generated"},"div":"<div>Everyman, Adam. SSN:\n            444333333<\/div>"},"identifier":[{"label":{"value":"SSN"},"system":{"value":"http://hl7.org/fhir/sid/us-ssn"},"key":{"value":"444333333"}}],"name":[{"use":{"value":"official"},"family":[{"value":"Everyman"}],"given":[{"value":"Adam"}]}],"telecom":[{"system":{"value":"phone"},"value":{"value":"555-555-2004"},"use":{"value":"work"}}],"gender":{"coding":[{"system":{"value":"http://hl7.org/fhir/v3/AdministrativeGender"},"code":{"value":"M"}}]},"address":[{"use":{"value":"home"},"line":[{"value":"2222 Home Street"}]}],"provider":{"type":{"value":"Organization"},"reference":{"value":"organization/@hl7"}},"active":{"value":true}}},"summary":"<div>Everyman, Adam. SSN:\n        444333333<\/div>"},{"title":"patient, child","id":"http://hl7.org/fhir/patient/@3","links":[{"rel":"self","href":"http://hl7.org/fhir/patient/@3/history/@1"}],"updated":"2012-05-29T23:45:32Z","authors":[{"name":"Grahame Grieve"}],"content":{"Patient":{"text":{"status":{"value":"generated"},"div":"<div>Kidd, Kari. SSN:\n            444555555<\/div>"},"identifier":[{"label":{"value":"SSN"},"system":{"value":"http://hl7.org/fhir/sid/us-ssn"},"key":{"value":"444555555"}}],"name":[{"use":{"value":"official"},"family":[{"value":"Kidd"}],"given":[{"value":"Kari"}]}],"telecom":[{"system":{"value":"phone"},"value":{"value":"555-555-2005"},"use":{"value":"work"}}],"gender":{"coding":[{"system":{"value":"http://hl7.org/fhir/v3/AdministrativeGender"},"code":{"value":"F"}}]},"address":[{"use":{"value":"home"},"line":[{"value":"2222 Home Street"}]}],"provider":{"type":{"value":"Organization"},"reference":{"value":"organization/@hl7"}},"active":{"value":true}}},"summary":"<div>Kidd, Kari. SSN: 444555555<\/div>"},{"title":"family, daughter","id":"http://hl7.org/fhir/patient/@4","links":[{"rel":"self","href":"http://hl7.org/fhir/patient/@4/history/@1"}],"updated":"2012-05-29T23:45:32Z","authors":[{"name":"Grahame Grieve"}],"content":{"Patient":{"text":{"status":{"value":"generated"},"div":"<div>Nuclear, Nancy. SSN:\n            444114567<\/div>"},"identifier":[{"label":{"value":"SSN"},"system":{"value":"http://hl7.org/fhir/sid/us-ssn"},"key":{"value":"444114567"}}],"name":[{"use":{"value":"official"},"family":[{"value":"Nuclear"}],"given":[{"value":"Nancy"}]}],"telecom":[{"system":{"value":"phone"},"value":{"value":"555-555-5001"},"use":{"value":"work"}}],"gender":{"coding":[{"system":{"value":"http://hl7.org/fhir/v3/AdministrativeGender"},"code":{"value":"F"}}]},"address":[{"use":{"value":"home"},"line":[{"value":"6666 Home Street"}]}],"provider":{"type":{"value":"Organization"},"reference":{"value":"organization/@hl7"}},"active":{"value":true}}},"summary":"<div>Nuclear, Nancy. SSN:\n        444114567<\/div>"},{"title":"family, husband","id":"http://hl7.org/fhir/patient/@5","links":[{"rel":"self","href":"http://hl7.org/fhir/patient/@5/history/@1"}],"updated":"2012-05-29T23:45:32Z","authors":[{"name":"Grahame Grieve"}],"content":{"Patient":{"text":{"status":{"value":"generated"},"div":"<div>Nuclear, Neville. SSN:\n            444111234<\/div>"},"identifier":[{"label":{"value":"SSN"},"system":{"value":"http://hl7.org/fhir/sid/us-ssn"},"key":{"value":"444111234"}}],"name":[{"use":{"value":"official"},"family":[{"value":"Nuclear"}],"given":[{"value":"Neville"}]}],"telecom":[{"system":{"value":"phone"},"value":{"value":"555-555-5001"},"use":{"value":"work"}}],"gender":{"coding":[{"system":{"value":"http://hl7.org/fhir/v3/AdministrativeGender"},"code":{"value":"M"}}]},"address":[{"use":{"value":"home"},"line":[{"value":"6666 Home Street"}]}],"provider":{"type":{"value":"Organization"},"reference":{"value":"organization/@hl7"}},"active":{"value":true}}},"summary":"<div>Nuclear, Neville. SSN:\n        444111234<\/div>"},{"title":"family, son","id":"http://hl7.org/fhir/patient/@6","links":[{"rel":"self","href":"http://hl7.org/fhir/patient/@6/history/@1"}],"updated":"2012-05-29T23:45:32Z","authors":[{"name":"Grahame Grieve"}],"content":{"Patient":{"text":{"status":{"value":"generated"},"div":"<div>Nuclear, Ned. SSN:\n            444113456<\/div>"},"identifier":[{"label":{"value":"SSN"},"system":{"value":"http://hl7.org/fhir/sid/us-ssn"},"key":{"value":"444113456"}}],"name":[{"use":{"value":"official"},"family":[{"value":"Nuclear"}],"given":[{"value":"Ned"}]}],"telecom":[{"system":{"value":"phone"},"value":{"value":"555-555-5001"},"use":{"value":"work"}}],"gender":{"coding":[{"system":{"value":"http://hl7.org/fhir/v3/AdministrativeGender"},"code":{"value":"M"}}]},"address":[{"use":{"value":"home"},"line":[{"value":"6666 Home Street"}]}],"provider":{"type":{"value":"Organization"},"reference":{"value":"organization/@hl7"}},"active":{"value":true}}},"summary":"<div>Nuclear, Ned. SSN: 444113456<\/div>"},{"title":"family, wife","id":"http://hl7.org/fhir/patient/@7","links":[{"rel":"self","href":"http://hl7.org/fhir/patient/@7/history/@1"}],"updated":"2012-05-29T23:45:32Z","authors":[{"name":"Grahame Grieve"}],"content":{"Patient":{"text":{"status":{"value":"generated"},"div":"<div>Nuclear, Nelda. SSN:\n            444112345<\/div>"},"identifier":[{"label":{"value":"SSN"},"system":{"value":"http://hl7.org/fhir/sid/us-ssn"},"key":{"value":"444112345"}}],"name":[{"use":{"value":"official"},"family":[{"value":"Nuclear"}],"given":[{"value":"Nelda"}]}],"telecom":[{"system":{"value":"phone"},"value":{"value":"555-555-5001"},"use":{"value":"work"}}],"gender":{"coding":[{"system":{"value":"http://hl7.org/fhir/v3/AdministrativeGender"},"code":{"value":"F"}}]},"address":[{"use":{"value":"home"},"line":[{"value":"6666 Home Street"}]}],"provider":{"type":{"value":"Organization"},"reference":{"value":"organization/@hl7"}},"active":{"value":true}}},"summary":"<div>Nuclear, Nelda. SSN:\n        444112345<\/div>"},{"title":"next of kin (parent)","id":"http://hl7.org/fhir/patient/@8","links":[{"rel":"self","href":"http://hl7.org/fhir/patient/@8/history/@1"}],"updated":"2012-05-29T23:45:32Z","authors":[{"name":"Grahame Grieve"}],"content":{"Patient":{"text":{"status":{"value":"generated"},"div":"<div>Mum, Martha. SSN:\n            444666666<\/div>"},"identifier":[{"label":{"value":"SSN"},"system":{"value":"http://hl7.org/fhir/sid/us-ssn"},"key":{"value":"444666666"}}],"name":[{"use":{"value":"official"},"family":[{"value":"Mum"}],"given":[{"value":"Martha"}]}],"telecom":[{"system":{"value":"phone"},"value":{"value":"555-555-2006"},"use":{"value":"work"}}],"gender":{"coding":[{"system":{"value":"http://hl7.org/fhir/v3/AdministrativeGender"},"code":{"value":"F"}}]},"address":[{"use":{"value":"home"},"line":[{"value":"4444 Home Street"}]}],"provider":{"type":{"value":"Organization"},"reference":{"value":"organization/@hl7"}},"active":{"value":true}}},"summary":"<div>Mum, Martha. SSN: 444666666<\/div>"},{"title":"next of kin (child)","id":"http://hl7.org/fhir/patient/@9","links":[{"rel":"self","href":"http://hl7.org/fhir/patient/@9/history/@1"}],"updated":"2012-05-29T23:45:32Z","authors":[{"name":"Grahame Grieve"}],"content":{"Patient":{"text":{"status":{"value":"generated"},"div":"<div>Sons, Stuart. SSN:\n            444777777<\/div>"},"identifier":[{"label":{"value":"SSN"},"system":{"value":"http://hl7.org/fhir/sid/us-ssn"},"key":{"value":"444777777"}}],"name":[{"use":{"value":"official"},"family":[{"value":"Sons"}],"given":[{"value":"Stuart"}]}],"telecom":[{"system":{"value":"phone"},"value":{"value":"555-555-2007"},"use":{"value":"work"}}],"gender":{"coding":[{"system":{"value":"http://hl7.org/fhir/v3/AdministrativeGender"},"code":{"value":"M"}}]},"deceasedDateTime":{"value":"2002-08-24"},"address":[{"use":{"value":"home"},"line":[{"value":"4444 Home Street"}]}],"provider":{"type":{"value":"Organization"},"reference":{"value":"organization/@hl7"}},"active":{"value":true}}},"summary":"<div>Sons, Stuart. SSN: 444777777<\/div>"},{"title":"next of kin (spouse)","id":"http://hl7.org/fhir/patient/@10","links":[{"rel":"self","href":"http://hl7.org/fhir/patient/@10/history/@1"}],"updated":"2012-05-29T23:45:32Z","authors":[{"name":"Grahame Grieve"}],"content":{"Patient":{"text":{"status":{"value":"generated"},"div":"<div>Betterhalf, Boris. SSN:\n            444888888<\/div>"},"identifier":[{"label":{"value":"SSN"},"system":{"value":"http://hl7.org/fhir/sid/us-ssn"},"key":{"value":"444888888"}}],"name":[{"use":{"value":"official"},"family":[{"value":"Betterhalf"}],"given":[{"value":"Boris"}]}],"telecom":[{"system":{"value":"phone"},"value":{"value":"555-555-2008"},"use":{"value":"work"}}],"gender":{"coding":[{"system":{"value":"http://hl7.org/fhir/v3/AdministrativeGender"},"code":{"value":"M"}}]},"address":[{"use":{"value":"home"},"line":[{"value":"2222 Home Street"}]}],"provider":{"type":{"value":"Organization"},"reference":{"value":"organization/@hl7"}},"active":{"value":true}}},"summary":"<div>Betterhalf, Boris. SSN:\n        444888888<\/div>"},{"title":"next of kin (other)","id":"http://hl7.org/fhir/patient/@11","links":[{"rel":"self","href":"http://hl7.org/fhir/patient/@11/history/@1"}],"updated":"2012-05-29T23:45:32Z","authors":[{"name":"Grahame Grieve"}],"content":{"Patient":{"text":{"status":{"value":"generated"},"div":"<div>Relative, Ralph. SSN:\n            444999999<\/div>"},"identifier":[{"label":{"value":"SSN"},"system":{"value":"http://hl7.org/fhir/sid/us-ssn"},"key":{"value":"444999999"}}],"name":[{"use":{"value":"official"},"family":[{"value":"Relative"}],"given":[{"value":"Ralph"}]}],"telecom":[{"system":{"value":"phone"},"value":{"value":"555-555-2009"},"use":{"value":"work"}}],"gender":{"coding":[{"system":{"value":"http://hl7.org/fhir/v3/AdministrativeGender"},"code":{"value":"M"}}]},"address":[{"use":{"value":"home"},"line":[{"value":"4444 Home Street"}]}],"provider":{"type":{"value":"Organization"},"reference":{"value":"organization/@hl7"}},"active":{"value":true}}},"summary":"<div>Relative, Ralph. SSN:\n        444999999<\/div>"},{"title":"contact person","id":"http://hl7.org/fhir/patient/@12","links":[{"rel":"self","href":"http://hl7.org/fhir/patient/@12/history/@1"}],"updated":"2012-05-29T23:45:32Z","authors":[{"name":"Grahame Grieve"}],"content":{"Patient":{"text":{"status":{"value":"generated"},"div":"<div>Contact, Carrie. SSN:\n            555222222<\/div>"},"identifier":[{"label":{"value":"SSN"},"system":{"value":"http://hl7.org/fhir/sid/us-ssn"},"key":{"value":"555222222"}}],"name":[{"use":{"value":"official"},"family":[{"value":"Contact"}],"given":[{"value":"Carrie"}]}],"telecom":[{"system":{"value":"phone"},"value":{"value":"555-555-2010"},"use":{"value":"work"}}],"gender":{"coding":[{"system":{"value":"http://hl7.org/fhir/v3/AdministrativeGender"},"code":{"value":"F"}}]},"address":[{"use":{"value":"home"},"line":[{"value":"5555 Home Street"}]}],"provider":{"type":{"value":"Organization"},"reference":{"value":"organization/@hl7"}},"active":{"value":true}}},"summary":"<div>Contact, Carrie. SSN:\n        555222222<\/div>"}]}